java,245
c,228
linux,214
.net,209
c++,206
sql,190
c#,153
ms,139
windows,124
excel,121
mis,120
word,118
html,110
mysql,107
android,106
,103
powerpoint,96
web,95
and,94
app,93
server,93
asp,83
jquery,82
php,78
oracle,77
outlook,76
with,74
javascript,72
experience,71
vb,71
or,67
css,65
visual,65
autocad,60
design,59
ios,58
of,58
system,58
for,57
ajax,55
script,55
a,52
in,51
development,51
d,50
familiar,48
to,47
studio,47
erp,46
the,44
ip,42
tcp,41
service,39
framework,39
application,38
programming,38
cad,38
on,37
software,37
http,37
is,35
driver,35
mes,35
e,35
api,35
python,34
data,32
team,32
project,32
test,31
be,31
pc,31
knowledge,30
os,30
embedded,30
cam,29
management,28
firewall,28
plus,27
communication,27
years,26
unix,26
office,26
mvc,26
pl,26
work,25
related,25
at,25
switch,25
git,25
microsoft,25
cisco,25
xml,25
good,24
user,24
solidworks,24
plc,23
g,23
code,22
new,22
com,22
network,22
it,21
analysis,21
porting,21
jsp,21
quality,20
tw,20
assembly,20
working,20
mac,19
spring,19
objective,19
english,19
www,19
ccna,19
dns,19
vmware,19
based,18
kernel,18
develop,18
sdk,18
protocol,18
platform,18
problem,18
nt,18
x,18
coding,18
customer,18
solution,18
b,17
computer,17
skills,17
i,17
ee,17
firmware,17
solving,17
delphi,17
function,17
mcu,17
ethernet,17
bug,16
ability,16
hibernate,16
toeic,16
j,16
responsible,16
internet,16
support,16
bios,16
least,15
rf,15
ui,15
s,15
lan,15
arm,15
pro,15
requirements,14
mobile,14
shell,14
research,14
f,14
architecture,14
wlan,14
big,14
environment,13
are,13
language,13
other,13
hardware,13
db,13
skill,13
field,13
as,13
tools,13
report,13
up,13
provide,13
services,13
operation,13
win,13
technical,13
business,13
r,13
mail,13
device,12
high,12
applications,12
database,12
open,12
maintain,12
routers,12
access,12
router,12
bluetooth,12
xp,12
sap,12
auto,12
problems,11
implement,11
testing,11
technologies,11
an,11
self,11
integration,11
debug,11
must,11
mfc,11
flow,11
gis,11
labview,11
bi,11
ux,11
product,11
including,11
visuall,11
wifi,11
technology,11
apache,11
projects,11
bom,11
esis,11
performance,10
science,10
cloud,10
customers,10
issue,10
writing,10
co,10
will,10
tracking,10
review,10
gui,10
issues,10
can,10
ftp,10
sd,10
svn,10
hadoop,10
basic,10
source,10
fae,10
struts,10
telecom,10
domain,10
assurance,10
ad,10
swift,9
perl,9
developing,9
storage,9
toefl,9
bulats,9
from,9
explorer,9
base,9
documentation,9
l,9
iot,9
jsf,9
vlan,9
phone,9
aws,9
dhcp,9
dhtml,9
interface,9
voip,9
how,9
control,9
degree,9
all,9
gps,9
load,9
pcb,9
visio,9
planning,9
layout,9
gprs,9
inventor,9
catia,9
take,8
passion,8
you,8
etc,8
that,8
restful,8
sales,8
have,8
systems,8
program,8
warehouse,8
object,8
pattern,8
background,8
engineer,8
able,8
responsibilities,8
ie,8
crystal,8
bring,8
sw,8
maintenance,8
debugging,8
security,8
vpn,8
iis,8
sa,8
agile,8
eq,8
snmp,8
wireless,8
rs,8
illustrator,8
cim,8
gateway,8
ex,8
google,8
servlet,8
weblogic,8
robot,8
balancing,8
js,8
etl,8
fab,8
mcse,8
matlab,8
wan,8
best,7
engineering,7
solve,7
relevant,7
implementation,7
solutions,7
accomplish,7
cross,7
postgresql,7
excellent,7
process,7
dsp,7
hbase,7
smart,7
study,7
o,7
reports,7
troubleshooting,7
one,7
plan,7
socket,7
lte,7
xcode,7
hubs,7
lamp,7
by,7
usb,7
case,7
windowsxp,7
uml,7
client,7
networking,7
board,7
bachelor,7
understanding,7
manage,7
processes,7
information,7
mssql,7
vba,7
uefi,7
reliability,6
impacts,6
perform,6
levels,6
usability,6
identify,6
build,6
creativity,6
window,6
strong,6
preferred,6
like,6
would,6
communicate,6
ce,6
requirement,6
controller,6
production,6
oriented,6
bmc,6
fpga,6
following,6
player,6
looking,6
such,6
qa,6
functional,6
schedule,6
spec,6
experienced,6
cnc,6
power,6
bus,6
nosql,6
job,6
functions,6
time,6
json,6
net,6
photoshop,6
ipmi,6
qos,6
know,6
jboss,6
key,6
using,6
vista,6
ensure,6
bt,6
thinking,6
exchange,6
store,6
entity,6
ssis,6
t,6
routing,6
cpu,6
aggressive,6
gsm,6
rfsms,6
mobil,6
mms,6
san,6
keyman,6
juniper,6
ar,5
innovation,5
feature,5
collaborate,5
independently,5
object c,5
features,5
practices,5
make,5
stack,5
angularjs,5
delivery,5
apps,5
external,5
internal,5
monitoring,5
languages,5
any,5
reading,5
multi,5
verbal,5
demonstrated,5
backend,5
firefox,5
designer,5
release,5
this,5
chrome,5
coordinate,5
document,5
necessary,5
lead,5
role,5
bsp,5
eclipse,5
mongodb,5
webservice,5
redis,5
ic,5
survey,5
behavior,5
participate,5
teams,5
products,5
soap,5
udp,5
sensor,5
uart,5
nat,5
tool,5
fw,5
dreamweaver,5
visual basic,5
secs,5
end,5
adsl,5
jdbc,5
materials,5
equipment,5
within,5
level,5
manufacturing,5
automation,5
soc,5
master,5
sop,5
daily,5
well,5
iso,5
jobs,5
conduct,5
bootstrap,5
we,5
lcd,5
powerbuilder,5
tft,5
sharepoint,5
si,5
jlpt,5
n,5
ida,5
deploy,5
back,5
sna,5
bridges,5
mpls,5
orcad,5
backup,5
rhce,5
mcitp,5
ips,5
edm,5
fixing,4
drive,4
evaluate,4
motivation,4
cycle,4
optimization,4
apis,4
empathy,4
library,4
infrastructure,4
deployment,4
hw,4
more,4
meet,4
nfc,4
need,4
setup,4
activities,4
material,4
ideal,4
meter,4
candidate,4
effective,4
sense,4
site,4
scripts,4
specifications,4
required,4
hands,4
under,4
assist,4
w,4
ccnp,4
tcl,4
mtk,4
modules,4
middleware,4
iphone,4
rtos,4
actionscript,4
flash,4
scrum,4
eda,4
drivers,4
out,4
willing,4
spi,4
video,4
ble,4
patterns,4
machine,4
gem,4
https,4
ott,4
intel,4
area,4
front,4
ejb,4
solid,4
help,4
third,4
impact,4
multiple,4
across,4
resolve,4
disabilities,4
committed,4
employment,4
diversity,4
veterans,4
workforce,4
expertise,4
individuals,4
others,4
minorities,4
females,4
equal,4
opportunity,4
protected,4
its,4
education,4
dos,4
mm,4
fi,4
abap,4
ruby,4
rails,4
experiences,4
prototyping,4
node,4
pm,4
vs,4
payment,4
party,4
positive,4
proactive,4
organization,4
focus,4
streaming,4
improve,4
monitor,4
play,4
insurance,4
full,4
ibm,4
attention,4
fast,4
tests,4
box,4
facebook,4
update,4
filter,4
gpio,4
v,4
tomcat,4
ddos,4
p,4
m,4
pcie,4
oem,4
staff,4
arcgis,4
firewallftp,4
vlanvpn,4
wlanxdsl,4
mplsrouters,4
pre,4
file,4
freebsd,4
easyflow,4
vcp,4
idc,4
ug,4
deliver,3
bs,3
improving,3
efficiency,3
two,3
people,3
unit,3
minimal,3
qualifications,3
ambition,3
diverse,3
influential,3
define,3
fields,3
forming,3
backgrounds,3
multimedia,3
vision,3
windbg,3
bash,3
image,3
interaction,3
vr,3
platforms,3
relational,3
highly,3
react,3
different,3
market,3
laravel,3
ubuntu,3
dom,3
browser,3
so,3
members,3
which,3
integrate,3
point,3
npi,3
discuss,3
toefltoeic,3
administrator,3
vc++,3
wpf,3
technique,3
should,3
candidates,3
center,3
characteristics,3
acbel,3
learnerskills,3
advantage,3
now,3
advance,3
winform,3
manager,3
developer,3
stress,3
detailed,3
closely,3
write,3
written,3
when,3
wireframe,3
sdn,3
china,3
station,3
optimize,3
stb,3
ipad,3
opencv,3
autosar,3
analyzer,3
renesas,3
lucene,3
nodejs,3
stored,3
procedure,3
major,3
enhance,3
followings,3
learning,3
modbus,3
sip,3
aoi,3
rd,3
validation,3
bgp,3
tablet,3
iptables,3
home,3
input,3
tv,3
call,3
scope,3
handle,3
azure,3
django,3
portal,3
generate,3
but,3
critical,3
judgment,3
concepts,3
company,3
own,3
demonstrates,3
nginx,3
vc,3
layer,3
into,3
factory,3
administration,3
scripting,3
mockup,3
line,3
travel,3
switching,3
year,3
fintech,3
informatica,3
status,3
guide,3
honest,3
professional,3
handling,3
appreciated,3
regularly,3
interpersonal,3
motivated,3
task,3
assure,3
log,3
tableau,3
supporting,3
house,3
centos,3
vm,3
linq,3
users,3
existing,3
ap,3
qualcomm,3
designs,3
vendor,3
shielding,3
servlets,3
webapi,3
cms,3
seo,3
create,3
human,3
principles,3
been,3
wide,3
world,3
operational,3
pp,3
directx,3
ti,3
plm,3
poc,3
concept,3
spark,3
sass,3
rwd,3
capability,3
analytical,3
chinese,3
day,3
hr,3
github,3
style,3
toad,3
query,3
particular,3
smali,3
dedexer,3
apk,3
apktool,3
ollydbg,3
jar,3
dexdump,3
dex,3
industry,3
algorithm,3
implemented,3
digital,3
includes,3
pos,3
commitment,3
intelligence,3
standards,3
inventory,3
situation,3
requests,3
phases,3
supervise,3
timelines,3
organize,3
rollouts,3
completion,3
diagnosis,3
webhosting,3
radius,3
dsc,3
citrix,3
solidwork,3
spirit,3
read,3
gpib,3
iic,3
allegro,3
highlight,3
hp,3
ami,3
revit,3
solidworksug,3
glass,2
exposure,2
cultures,2
challenging,2
robustness,2
our,2
graphics,2
maximize,2
collaborative,2
additional,2
ideas,2
social,2
preferable,2
generation,2
hci,2
networks,2
continuously,2
ownership,2
tasks,2
applying,2
discover,2
techniques,2
processing,2
edge,2
ansi,2
tuning,2
native,2
reader,2
barcode,2
se,2
require,2
no,2
component,2
these,2
frameworks,2
account,2
command,2
view,2
internally,2
among,2
negotiate,2
electronic,2
logistics,2
speaking,2
cv,2
gpu,2
thread,2
halcon,2
led,2
supply,2
special,2
deiphi,2
prepare,2
each,2
than,2
content,2
tester,2
pressure,2
collecting,2
attitude,2
guides,2
ccie,2
results,2
modify,2
improvement,2
failure,2
upper,2
ndk,2
customization,2
tr,2
son,2
gpp,2
ipsec,2
pcl,2
ts,2
freescale,2
electronics,2
codeigniter,2
solr,2
ide,2
ci,2
yii,2
aware,2
cell,2
install,2
go,2
borland,2
builder,2
lcm,2
cplus,2
diag,2
validations,2
advancement,2
module,2
providing,2
real,2
zigbee,2
oop,2
mp,2
pi,2
rfid,2
audio,2
ospf,2
netware,2
multithread,2
xhtml,2
onl,2
broadcom,2
modification,2
model,2
dvb,2
iptv,2
embeded,2
openwrt,2
xdsl,2
modem,2
space,2
iad,2
hal,2
especially,2
organizational,2
risks,2
methodologies,2
progress,2
resources,2
ec,2
jpa,2
conceptual,2
possible,2
parts,2
requires,2
components,2
general,2
explains,2
guidance,2
variety,2
analyzes,2
discipline,2
sources,2
works,2
range,2
procurement,2
guidelines,2
complex,2
supervision,2
solves,2
cvs,2
wms,2
pda,2
wince,2
large,2
operating,2
scale,2
keil,2
verification,2
ota,2
instrumentation,2
proficient,2
also,2
learn,2
analyze,2
batch,2
enterprise,2
engineers,2
custom,2
marketing,2
nb,2
eap,2
datastage,2
mart,2
modeling,2
stability,2
aaa,2
feasibility,2
request,2
outage,2
cr,2
change,2
root,2
cause,2
regular,2
future,2
instruction,2
trouble,2
he,2
map,2
interact,2
secure,2
use,2
finance,2
independent,2
needs,2
compliance,2
drm,2
cerp,2
eg,2
rdbms,2
ate,2
may,2
reliable,2
configuration,2
libraries,2
html+,2
crm,2
ins,2
cathay,2
ssrs,2
ssas,2
rtd,2
fdc,2
backgroundfoundry,2
tape,2
sas,2
notes,2
k,2
responsibility,2
detail,2
hand,2
wordpress,2
foxpro,2
evolve,2
factors,2
portfolio,2
demonstrating,2
medical,2
aesthetics,2
great,2
sketch,2
mallab,2
media,2
cybertan,2
corpo,2
fashioncookie,2
uds,2
above,2
objectives,2
structure,2
resolution,2
errors,2
logic,2
form,2
mcsd,2
oo,2
applicaton,2
andriod,2
tech,2
starcloud,2
websphere,2
soa,2
qlikview,2
less,2
mapreduce,2
sqlite,2
fragment,2
demo,2
smbios,2
clarification,2
config,2
acpi,2
me,2
familar,2
odm,2
crud,2
aspects,2
goals,2
after,2
mastercam,2
memory,2
value,2
mitac,2
bu,2
algorithms,2
isolation,2
port,2
dbg,2
olly,2
itunes,2
dac,2
adc,2
cem,2
jms,2
oss,2
commerce,2
programmer,2
meeting,2
scjp,2
policies,2
resource,2
leadership,2
department,2
operations,2
family,2
applied,2
regarding,2
disciplines,2
their,2
mechanical,2
element,2
acoustics,2
thermal,2
emc,2
psim,2
mining,2
ssh,2
jncia,2
operate,2
careful,2
running,2
group,2
complains,2
said,2
proxy,2
upgrade,2
asia,2
love,2
emergency,2
managing,2
limited,2
care,2
periodicity,2
various,2
local,2
juniperlan,2
non,2
servers,2
oversea,2
follow,2
quick,2
tier,2
effectively,2
shift,2
what,2
nd,2
ticket,2
rotation,2
parallel,2
ia,2
datacom,2
telecomm,2
speak,2
displayport,2
esd,2
cimatron,2
defect,2
fa,2
ups,2
chassis,2
option,2
mep,2
bim,2
ccd,2
exchangerouter,2
tcpip,2
hds,2
vcenter,2
aix,2
expert,2
emphasis,1
patents,1
identifying,1
teamwork,1
next,1
gdb,1
crash,1
dump,1
projection,1
algebra,1
immersive,1
linear,1
opengl,1
vfx,1
cutting,1
rendering,1
es,1
culturesother,1
specialization,1
rsd,1
reactjs,1
devops,1
continuous,1
matter,1
chance,1
might,1
scanner,1
print,1
could,1
finger,1
environmentgood,1
common,1
some,1
manipulate,1
osx,1
who,1
coordinators,1
realize,1
interchange,1
introduction,1
pmc,1
involve,1
managements,1
edi,1
primary,1
contact,1
baseboard,1
fix,1
patten,1
evision,1
detector,1
gas,1
produce,1
launch,1
somke,1
rp,1
axure,1
manuals,1
until,1
morerounds,1
patience,1
accurate,1
preparation,1
feedback,1
thorough,1
phase,1
wire,1
frame,1
browsers,1
complete,1
tremendous,1
gathering,1
repeated,1
ready,1
scenarios,1
jenkins,1
askcredit,1
usa,1
understand,1
csmc,1
powerpointer,1
tdl,1
corrdinate,1
windwos,1
repot,1
mx,1
rockchip,1
progragramming,1
dotnet,1
andrio,1
cgi,1
worldwide,1
cases,1
uu,1
rrm,1
vector,1
qnx,1
kanzi,1
microchip,1
oe,1
qt,1
fujitsu,1
swf,1
fms,1
soaptcp,1
odbc,1
jzee,1
sqr,1
pchome,1
sram,1
leaf,1
verilog,1
kits,1
views,1
shield,1
uwp,1
bcb,1
transceiver,1
windebug,1
investigate,1
capacity,1
clarifying,1
implementations,1
active,1
figure,1
threading,1
descriptionparticipate,1
bsd,1
profibus,1
rtsp,1
stl,1
hart,1
initiation,1
session,1
raspberry,1
h,1
dot,1
ccne,1
bugzilla,1
liunx,1
ccieccnaccnpccie,1
chart,1
state,1
tk,1
corel,1
draw,1
dcom,1
safari,1
action,1
xpe,1
wes,1
indows,1
mqtt,1
ivs,1
jni,1
debian,1
uboot,1
custimze,1
clarify,1
busybox,1
scrip,1
question,1
models,1
ipv,1
netfilter,1
ssl,1
sdp,1
rtp,1
mgcp,1
protocols,1
ims,1
voice,1
bringup,1
migration,1
certification,1
cable,1
docsis,1
httpd,1
servives,1
implementationgpon,1
omci,1
debuggingsolve,1
iotdriver,1
debuglinux,1
vdsl,1
fox,1
netbeans,1
intellij,1
idea,1
simultaneously,1
parties,1
allocate,1
minimize,1
jira,1
feasible,1
mitigate,1
things,1
execute,1
confluence,1
tasking,1
both,1
intergation,1
engine,1
virtual,1
mustjboss,1
mustibatis,1
scwcdscbcd,1
still,1
layouts,1
standard,1
travelapplied,1
procedures,1
informal,1
policiesinterpersonal,1
remoting,1
expanded,1
specificationsfunctional,1
acquiring,1
builds,1
uses,1
alpha,1
receives,1
broadens,1
moderately,1
assemblies,1
straightforward,1
workleadership,1
membersproblem,1
gamma,1
supervisory,1
direction,1
difficulty,1
provides,1
moderate,1
schematics,1
higher,1
troubleshoot,1
capabilitiesbusiness,1
precedents,1
understands,1
situations,1
subsystems,1
drawings,1
electrical,1
ghost,1
scriptlinux,1
acc,1
dbase,1
scm,1
vbac++,1
pic,1
was,1
rad,1
distributed,1
building,1
verifying,1
freertos,1
adaption,1
booting,1
enabling,1
shipping,1
recovery,1
upgrading,1
wwan,1
conducted,1
linking,1
welcome,1
cpp,1
gcp,1
public,1
used,1
languagegood,1
curious,1
mind,1
creative,1
logical,1
ros,1
angular,1
sails,1
interactions,1
structured,1
designers,1
camera,1
verify,1
loader,1
boot,1
chip,1
colleague,1
listening,1
specialist,1
consultation,1
dt,1
aio,1
tcs,1
msmq,1
erwinetl,1
uat,1
hana,1
dimensional,1
marts,1
bw,1
insurtech,1
sso,1
sr,1
basis,1
assigned,1
locating,1
handover,1
pe,1
shooting,1
confidential,1
leader,1
transition,1
protect,1
known,1
force,1
besides,1
agreements,1
discretion,1
manger,1
assignments,1
contract,1
nature,1
executor,1
she,1
personality,1
road,1
assistant,1
mainly,1
pdp,1
trend,1
analytics,1
friday,1
mastering,1
cdn,1
amazon,1
websecurity,1
innoviated,1
parking,1
potential,1
huge,1
battery,1
configuretion,1
complier,1
ps,1
psd,1
css+,1
banner,1
mqseries,1
gd,1
apple,1
frameork,1
umlmvc,1
onenote,1
codes,1
apply,1
fresh,1
welcomed,1
depending,1
ama,1
softwares,1
graduates,1
modeler,1
greenplum,1
cassandra,1
spss,1
em,1
apc,1
spc,1
opus,1
flowunderstanding,1
photomask,1
fm,1
programmingeda,1
resistance,1
while,1
ril,1
compressive,1
paced,1
patient,1
telephony,1
talkative,1
maintaining,1
wcdma,1
overlay,1
fixture,1
top,1
sequencer,1
instrument,1
cm,1
approve,1
shelve,1
specific,1
definition,1
creation,1
off,1
train,1
usbc,1
coverage,1
tbt,1
limit,1
selection,1
mybatis,1
online,1
proc,1
springmvc,1
skillprograming,1
razor,1
version,1
writer,1
linkedin,1
dms,1
ghostvisio,1
select,1
yes,1
insert,1
delete,1
ifrs,1
include,1
interdisciplinary,1
involved,1
prototypes,1
international,1
healthcare,1
illustrations,1
desktop,1
talented,1
minded,1
wireframes,1
assets,1
intuitive,1
ideation,1
mockups,1
insights,1
diagrams,1
eager,1
delivering,1
researching,1
designing,1
oracledb,1
serverdb,1
micrsoft,1
helpdesk,1
nibp,1
ecg,1
spo,1
msp,1
micro,1
directshow,1
ddk,1
foundation,1
wdk,1
filters,1
aztec,1
msi,1
micropdf,1
pdf,1
wave,1
z,1
nxp,1
proof,1
silicon,1
labs,1
arduino,1
rpi,1
apache+,1
aliyun,1
php+,1
graphic,1
scss,1
important,1
compass,1
grunt,1
functionality,1
webpack,1
gulp,1
radio,1
oic,1
alljoyn,1
pad,1
drawing,1
being,1
email,1
evonne,1
chang,1
hud,1
abaper,1
appstore,1
lease,1
discussion,1
yrs,1
taichung,1
releated,1
fmailiar,1
cs,1
cis,1
do,1
flexiblly,1
tainan,1
side,1
through,1
designed,1
newly,1
cultural,1
agent,1
execution,1
sensitivity,1
adapt,1
urgency,1
reporting,1
flexibility,1
soft,1
changing,1
diagnose,1
programs,1
occur,1
sever,1
motion,1
winformxsl,1
stimulsoft,1
storm,1
elasticsearch,1
kafka,1
ooad,1
itil,1
cmmi,1
ssdlc,1
ult,1
sinyi,1
jason,1
bpel,1
oc,1
suite,1
ucm,1
ga,1
animation,1
crashlytics,1
firebase,1
rest,1
cube,1
datazen,1
powerbi,1
biee,1
responsive,1
hhvm,1
strategy,1
companion,1
serverr,1
olap,1
sybase,1
pythton,1
dw,1
oracla,1
isp,1
vcm,1
ois,1
line+,1
elsa,1
rmdb,1
npd,1
swt,1
swing,1
get,1
cowork,1
structureuefi,1
systemlinux,1
developmenttroubleshooting,1
socknow,1
firmwaredriver,1
forms,1
autofac,1
vod,1
cent,1
pr,1
htmls,1
obj,1
ensuring,1
accepted,1
oversee,1
scheduling,1
establish,1
appropriate,1
formal,1
establishing,1
metrics,1
met,1
effects,1
guideline,1
kit,1
dtv,1
bis,1
io,1
presale,1
cssandroid,1
residential,1
unity,1
bootstrapphp,1
memcache,1
webapp,1
cc,1
rspec,1
graph,1
sidekiq,1
vhdl,1
lawview,1
rots,1
complaint,1
response,1
qe,1
duplicate,1
track,1
official,1
recognition,1
documents,1
main,1
simulation,1
enthusiast,1
signal,1
creating,1
adas,1
capable,1
increase,1
patent,1
packaging,1
sad,1
mtu,1
cli,1
implementing,1
mib,1
bapi,1
lua,1
websocket,1
ba,1
hmi,1
mapinfo,1
mapxtreme,1
sybaseerp,1
tiptop,1
fx,1
q,1
hub,1
vbscript,1
mcpd,1
dojo,1
lingo,1
ilog,1
cplex,1
gurobi,1
roadmap,1
making,1
decision,1
ng,1
ptn,1
roadm,1
otn,1
dwdm,1
oxc,1
sdh,1
optional,1
optionaljboss,1
mustspring,1
cloudera,1
speed,1
yarn,1
efficienty,1
cca,1
few,1
certificateion,1
framworks,1
ph,1
hive,1
scalability,1
architecutre,1
eco,1
oozie,1
ccp,1
built,1
accuracy,1
lambda,1
hdfs,1
ccah,1
flume,1
impala,1
pmp,1
staund,1
table,1
schema,1
stand,1
specialists,1
homogeneous,1
ethical,1
ordering,1
lost,1
reconciliations,1
suppliers,1
ensures,1
amat,1
instructions,1
claims,1
contributes,1
activity,1
administers,1
affect,1
oversees,1
global,1
identifies,1
influences,1
purchasing,1
fulfill,1
achievement,1
externally,1
position,1
outsourced,1
plans,1
generally,1
place,1
highest,1
challenges,1
resolves,1
documented,1
obsolete,1
corrective,1
employees,1
families,1
manages,1
yearly,1
volume,1
providers,1
groups,1
damaged,1
reflecting,1
applies,1
depth,1
optimum,1
locations,1
materia,1
audits,1
guided,1
timeliness,1
excess,1
claim,1
adapts,1
times,1
generates,1
escalate,1
areas,1
directly,1
priorities,1
subordinate,1
theories,1
persuades,1
actions,1
sub,1
part,1
collaboration,1
developments,1
solved,1
pdc,1
relationship,1
path,1
preferredapplied,1
loops,1
fault,1
focal,1
facing,1
short,1
giving,1
associate,1
proper,1
clear,1
optimal,1
presentations,1
collaborating,1
meetings,1
collection,1
enable,1
smooth,1
statement,1
develops,1
troubleshoots,1
consensus,1
competition,1
has,1
statements,1
differentiate,1
practical,1
perspective,1
compiles,1
enhancements,1
exercises,1
defines,1
takes,1
difficult,1
integrates,1
acts,1
sensitive,1
performs,1
colleagues,1
manageable,1
them,1
small,1
fixes,1
interfaces,1
scheduled,1
broad,1
ftphttp,1
routerssan,1
pppoe,1
j#,1
nas,1
j++,1
sapdb,1
caxpro,1
proeautocad,1
magnetics,1
altium,1
pwer,1
pspice,1
semi,1
inverter,1
converter,1
emi,1
topology,1
bq,1
iq,1
pear,1
lighttpd,1
slave,1
memcached,1
tqc,1
knx,1
dialux,1
pd,1
presales,1
twkaraoke,1
class,1
ruten,1
ab,1
twtonerink,1
index,1
my,1
ok,1
dprinting,1
sqc,1
ssil,1
twnfi,1
playerself,1
performancea,1
licenses,1
stp,1
jncsp,1
sslvpn,1
pmpothers,1
lacp,1
srx,1
systematic,1
organizedalways,1
ssg,1
jncis,1
proactiveanalytical,1
qtechnical,1
lanload,1
prefer,1
vrrp,1
availability,1
hsrp,1
vpnwan,1
jncie,1
strive,1
jncipmore,1
ldap,1
checkpoint,1
securitysniffer,1
tfs,1
qualification,1
xenserver,1
description,1
sniffer,1
ipvlan,1
lanldap,1
mostly,1
hostmonitor,1
university,1
skype,1
unresolved,1
coordination,1
thing,1
importantly,1
catch,1
graduated,1
quickly,1
most,1
prtg,1
bases,1
enthusiastic,1
diagnoses,1
smoothly,1
first,1
provider,1
adopt,1
paste,1
uptake,1
run,1
via,1
vpnwindows,1
consultant,1
want,1
afternoon,1
reply,1
upon,1
checking,1
virtualization,1
st,1
connectivity,1
hours,1
schedules,1
incudes,1
maintained,1
assessment,1
health,1
sciences,1
dynamic,1
escalating,1
managed,1
college,1
switches,1
verbally,1
methodology,1
files,1
reproducing,1
efficiently,1
driving,1
workload,1
aptitude,1
checks,1
environments,1
triage,1
prioritize,1
sufficient,1
gishtml,1
nest,1
homekit,1
bluemix,1
scriptc#,1
serial,1
cssphp,1
amr,1
qr,1
mock,1
barrel,1
hybrid,1
mcsemcitp,1
mmi,1
wo,1
deal,1
completed,1
event,1
healthy,1
tpm,1
prove,1
corporate,1
osi,1
cencept,1
mipi,1
lvds,1
hdmi,1
mhl,1
type,1
sys,1
hyperlink,1
srio,1
ddr,1
ads,1
sigrity,1
sgmii,1
hyperlynx,1
ansys,1
motor,1
pid,1
frequency,1
synthesizer,1
mixer,1
pll,1
balun,1
circuit,1
pv,1
analyst,1
ispice,1
simplis,1
mathcad,1
ccnaerp,1
eep,1
integrity,1
banking,1
text,1
proficiency,1
sentimental,1
result,1
academic,1
nlp,1
ecosystem,1
computing,1
ann,1
asset,1
semantic,1
scientist,1
topic,1
webaccess,1
sfc,1
fcc,1
lna,1
lnb,1
surge,1
antenna,1
certificate,1
knockoutjs,1
autocadug,1
coil,1
wpc,1
legacy,1
ids,1
apt,1
rule,1
jvm,1
smtp,1
pcp,1
diy,1
pg,1
amhs,1
tru,1
ca,1
ccnaccnp,1
hid,1
amp,1
xps,1
edk,1
avr,1
nids,1
bit,1
host,1
processor,1
dc,1
output,1
pot,1
hi,1
storqe,1
aptio,1
rr,1
spx,1
debugexpander,1
array,1
raid,1
debugdisk,1
threadx,1
rom,1
events,1
unigraphics,1
nx,1
openoffice,1
ccnaccnpcehcissp,1
plcpc,1
genesis,1
mcp,1
ojt,1
visualc++,1
oa,1
ict,1
sharp,1
wifi+,1
outdoor,1
dongle,1
cpe,1
wi,1
toeicjlpt,1
pads,1
proe,1
lpic,1
rhcsa,1
mcserhceccda,1
hyper,1
mcitpccna,1
ddc,1
check,1
omron,1
gcf,1
ptcrb,1
sar,1
panel,1
rugged,1
protel,1
pmbus,1
phoenix,1
insyde,1
microprocessor,1
linuxandroid,1
integrating,1
packages,1
spice,1
cpld,1
cadence,1
cae,1
smt,1
balance,1
mcseccnaccnp,1
waf,1
benchmark,1
ipc,1
sit,1
entire,1
interview,1
if,1
details,1
order,1
having,1
not,1
between,1
please,1
occasionally,1
start,1
join,1
worn,1
addressed,1
only,1
come,1
login,1
wrist,1
friendly,1
considering,1
consider,1
trends,1
smartphone,1
screen,1
error,1
tips,1
going,1
your,1
serious,1
finish,1
message,1
sharing,1
dsolidworks,1
div,1
soildwork,1
km,1
adobe,1
acrobat,1
cluster,1
solaris,1
sqlplus,1
present,1
translate,1
lingual,1
minimum,1
gather,1
administrative,1
fluently,1
objects,1
outstanding,1
specification,1
national,1
tsmc,1
umc,1
ase,1
amkor,1
netapp,1
symantec,1
restore,1
plugin,1
autucad,1
hgw,1
camcad,1
comhttp,1
orima,1
gama,1
vlsc,1
nasexcel,1
postfix,1
