javascript,713
html,677
java,670
php,650
android,536
c,530
linux,516
mysql,470
jquery,466
ios,439
c++,404
c#,282
python,278
ajax,272
ruby,164
project,140
oracle,121
unix,115
xml,102
flash,102
jsp,93
http,91
spring,81
r,75
asp,69
perl,67
shell,63
illustrator,62
excel,57
postgresql,55
oop,54
socket,49
swift,46
apple,45
security,43
arm,43
struts,43
actionscript,42
uml,37
base,37
matlab,36
access,33
word,32
dhtml,30
udp,29
flex,28
ideas,27
tomcat,27
dreamweaver,27
firmware,25
rdbms,25
xhtml,24
dns,23
iis,21
mfc,20
firewall,19
voip,18
san,18
assembly,18
vmware,17
dsp,16
jsf,16
soap,16
bluetooth,15
etl,15
vpn,15
ftp,14
freebsd,14
sap,14
vba,14
outlook,13
cvs,13
progress,12
directx,12
ssh,11
mcu,11
powerpoint,11
drivers,10
ooad,10
delphi,10
silverlight,10
sdlc,9
stl,9
weblogic,9
junit,9
websphere,9
ldap,8
wan,8
vbscript,8
gis,8
mes,8
director,7
winform,7
bugzilla,7
cisco,7
cgi,6
visio,6
iptables,6
rtsp,6
routers,6
activex,6
cam,6
snmp,5
dos,5
mantis,5
fireworks,5
plc,5
lan,5
loadrunner,5
coreldraw,5
photoimpact,5
tcl,4
sniffer,4
ejb,4
jms,4
dhcp,4
cim,4
visual basic,4
ado,4
arcgis,4
informix,4
sybase,3
odbc,3
solaris,3
sas,3
servlets,3
vms,3
eda,3
jdbc,3
qtp,3
frontpage,3
ethernet,2
fpga,2
vlan,2
edi,2
asic,2
labview,2
biztalk,2
powerbuilder,2
maya,2
aix,2
rf,2
ims,2
wlan,2
premiere,2
autocad,2
ddk,2
vxworks,1
verilog,1
dbase,1
hubs,1
,1
solidworks,1
vrml,1
xsl,1
