and,1743
to,876
the,815
in,679
of,615
with,602
a,464
software,451
for,386
experience,383
or,379
development,316
is,308
job,265
you,261
on,255
work,242
we,209
team,207
design,203
engineer,200
description,194
as,187
be,173
our,170
will,163
system,159
skills,150
s,128
programming,120
are,116
new,109
at,107
test,106
linux,103
testing,102
web,101
knowledge,99
android,97
computer,97
that,97
good,96
mobile,92
solutions,92
technology,91
engineering,91
product,91
support,89
plus,89
have,89
years,88
c,86
develop,86
data,85
related,83
ability,82
working,81
c++,81
systems,80
it,79
management,78
java,78
communication,77
familiar,76
developer,76
technical,75
science,75
world,75
requirements,73
business,72
from,71
other,71
applications,70
security,70
sw,67
platform,67
tools,66
technologies,65
this,64
teams,64
performance,63
solution,61
information,61
by,61
products,61
customer,60
taiwan,60
application,60
including,59
strong,59
an,59
provide,58
english,57
degree,57
cloud,57
responsibilities,56
your,56
more,56
all,56
networking,55
looking,55
user,53
problem,52
services,52
issues,51
embedded,51
hardware,51
code,51
key,50
responsible,50
developing,50
qualifications,49
service,49
environment,49
quality,49
automation,49
requirement,48
project,47
self,47
process,47
.net,47
engineers,46
ios,45
micron,45
location,44
high,44
network,44
architecture,44
about,44
windows,43
javascript,43
what,43
taipei,43
etc,43
analysis,43
solving,42
python,42
google,42
integration,42
e,42
motivated,42
sr,41
learn,41
customers,40
also,40
any,40
must,40
employment,40
server,40
candidate,40
required,39
preferred,39
create,39
most,39
excellent,39
fast,39
ms,38
using,38
re,38
projects,38
role,38
ll,37
not,37
multi,37
make,36
like,36
c#,36
level,36
well,36
if,36
us,36
experienced,36
time,35
language,35
skill,35
understanding,35
implement,35
sql,35
d,34
driver,34
industry,34
help,34
one,34
such,34
up,34
debugging,34
tw,34
html,34
senior,33
devices,33
platforms,33
features,33
build,33
position,32
closely,32
has,32
can,32
nvidia,32
implementation,32
best,32
overview,31
able,31
people,31
center,31
functional,31
manage,31
participate,31
equivalent,30
languages,30
status,30
computing,30
based,30
global,30
os,30
life,30
manufacturing,30
production,30
threat,30
part,30
do,29
need,29
framework,29
field,29
improve,29
who,28
problems,28
app,28
qualification,28
company,27
minimum,27
building,27
understand,27
bachelor,27
opportunity,27
end,27
backend,27
large,26
scale,26
specifications,26
client,26
com,26
experiences,26
debug,26
agile,26
css,26
r,25
brocade,25
across,25
through,25
join,25
iot,25
learning,25
maintain,25
device,24
big,24
control,24
market,24
take,24
both,24
bs,24
highly,24
following,24
php,24
least,24
developers,23
around,23
interface,23
ip,23
ensure,23
cross,23
commerce,23
their,23
into,23
js,23
visual,23
micro,23
trend,23
advanced,22
oriented,22
day,22
see,22
edge,22
equal,22
next,22
generation,22
within,22
them,22
jquery,22
out,21
written,21
than,21
analytical,21
kernel,21
deliver,21
documentation,21
frameworks,21
training,20
ee,20
would,20
connect,20
leader,20
impact,20
practices,20
full,20
coding,20
various,20
api,20
multiple,20
script,20
drive,20
processes,20
stack,19
electrical,19
benefits,19
deep,19
use,19
communicate,19
primary,19
employees,19
consumer,19
talented,19
dell,19
cycle,19
database,19
familiarity,19
http,19
lifecycle,19
master,18
real,18
analyze,18
solid,18
want,18
which,18
please,18
doing,18
asp,18
mvc,18
complex,18
integrate,18
sensor,18
x,18
members,18
area,17
protocol,17
line,17
root,17
concepts,17
verbal,17
innovative,17
practical,17
relevant,17
leading,17
distributed,17
opportunities,17
gender,17
discipline,17
how,17
processing,17
ui,17
critical,17
ways,17
unit,17
passion,17
lead,17
g,17
demonstrated,17
graphics,17
frontend,17
provides,16
writing,16
tasks,16
today,16
leadership,16
complete,16
providing,16
disability,16
base,16
users,16
ideas,16
intelligence,16
paced,16
cutting,16
domain,16
professional,16
research,16
independently,16
qa,16
intern,16
partners,15
firmware,15
power,15
yahoo,15
concept,15
needed,15
creating,15
m,15
write,15
collaborate,15
mysql,15
tcp,15
expertise,15
necessary,15
title,14
internal,14
cs,14
education,14
so,14
operate,14
identify,14
let,14
challenges,14
dynamic,14
spring,14
enterprise,14
interpersonal,14
recruitment,14
social,14
bring,14
components,14
stand,14
assigned,14
issue,14
troubleshooting,14
bios,14
organization,14
willing,14
hands,14
threats,14
document,14
success,14
successful,14
unix,14
focus,14
machine,14
feature,14
above,14
while,14
scripting,14
higher,14
nice,14
endpoint,14
wireless,13
over,13
results,13
analytics,13
organizational,13
color,13
national,13
every,13
needs,13
forward,13
arm,13
verification,13
focused,13
vision,13
crowd,13
some,13
databases,13
great,13
improvement,13
different,13
azure,13
front,13
scrum,13
ajax,13
perform,13
hw,13
demonstrate,13
core,13
quickly,12
worldwide,12
but,12
fluent,12
office,12
creative,12
challenge,12
top,12
effectively,12
applicants,12
race,12
religion,12
sex,12
origin,12
sexual,12
orientation,12
identity,12
soc,12
tests,12
resumes,12
designing,12
trends,12
k,12
things,12
passionate,12
usb,12
ibm,12
tool,12
visualization,12
party,12
proficiency,12
proactive,12
microsoft,12
taichung,12
point,11
solve,11
basic,11
object,11
analyzing,11
accept,11
innovation,11
achieve,11
way,11
meet,11
networks,11
efforts,11
committed,11
veteran,11
areas,11
artificial,11
architectures,11
making,11
environments,11
qualified,11
source,11
contribute,11
fields,11
now,11
player,11
review,11
defect,11
culture,11
non,11
htc,11
open,11
yield,11
major,11
shell,11
others,11
value,11
desired,11
low,11
two,11
markets,11
evaluate,11
third,11
scalable,11
especially,11
ntd,11
b,11
capability,11
semiconductor,11
deployment,11
handle,10
keywords,10
attitude,10
methodologies,10
where,10
partner,10
when,10
asia,10
marital,10
age,10
ancestry,10
protected,10
programs,10
search,10
storage,10
future,10
drivers,10
employer,10
class,10
tegra,10
desirable,10
creation,10
planning,10
electronics,10
should,10
stakeholders,10
existing,10
emerging,10
cases,10
year,10
git,10
background,10
simulators,10
factory,10
www,10
website,10
message,10
resolve,10
electronic,10
maintenance,10
tesla,10
maintaining,10
infrastructure,10
case,10
spec,10
plusexperience,10
probe,10
wlan,9
same,9
cause,9
external,9
programmer,9
operating,9
possess,9
protocols,9
know,9
they,9
managers,9
believe,9
visibility,9
apply,9
display,9
develops,9
evaluation,9
standard,9
image,9
just,9
fees,9
apac,9
collaboration,9
city,9
considered,9
odm,9
bug,9
gaming,9
tech,9
equipment,9
implementing,9
capabilities,9
delivery,9
daily,9
ideal,9
include,9
version,9
responsibility,9
perl,9
income,9
proven,9
currently,9
reality,9
standards,9
public,9
smart,9
no,9
verifone,9
throughout,9
reviews,9
continuous,9
model,9
manager,9
execution,9
relational,9
program,9
solar,9
rdss,9
malware,9
event,9
wigig,8
another,8
site,8
driving,8
techniques,8
essential,8
under,8
assist,8
ever,8
matters,8
place,8
partnership,8
decisions,8
principles,8
change,8
growing,8
switch,8
enthusiastic,8
architects,8
co,8
interaction,8
sense,8
improving,8
methods,8
individual,8
silicon,8
interfaces,8
regardless,8
requires,8
apps,8
widely,8
odms,8
causing,8
fix,8
schedule,8
interactions,8
supervision,8
enjoy,8
aspects,8
trouble,8
plan,8
mathematics,8
personal,8
competitive,8
changes,8
porting,8
fun,8
side,8
expert,8
flexible,8
member,8
bluetooth,8
variety,8
tuning,8
ar,8
expected,8
available,8
offer,8
definition,8
plans,8
activities,8
mac,8
fixed,8
candidates,8
rest,8
includes,8
art,8
automotive,8
mega,8
virtual,8
cars,8
conducting,8
cim,8
study,8
operation,8
may,8
eclipse,8
react,8
enhancements,8
bonus,8
pattern,8
gpp,8
defects,8
sites,8
regular,8
mfield,8
vr,8
marketing,8
content,8
mentor,8
console,8
nosql,8
bmc,8
function,7
find,7
directly,7
right,7
proud,7
designs,7
appropriate,7
greatest,7
organizations,7
diverse,7
pioneer,7
routing,7
ready,7
pacific,7
managing,7
genetic,7
selection,7
interact,7
specific,7
mission,7
better,7
action,7
delivering,7
seeking,7
latest,7
layer,7
enhance,7
employers,7
brilliant,7
planet,7
autonomous,7
hear,7
participates,7
vendor,7
resolution,7
set,7
restful,7
performing,7
shooting,7
works,7
sdk,7
strategies,7
these,7
online,7
been,7
spot,7
camera,7
automated,7
validation,7
group,7
investigate,7
evaluating,7
duties,7
rich,7
pc,7
book,7
json,7
aws,7
reports,7
jobid,7
decades,7
pioneered,7
singular,7
specialized,7
consequential,7
configure,7
scripts,7
documents,7
apis,7
grade,7
payment,7
abilities,7
internet,7
fair,7
award,7
flat,7
current,7
monitoring,7
dft,7
follow,7
determine,7
release,7
algorithm,7
options,7
codes,7
panel,7
db,7
redis,7
thread,7
virtualization,7
txq,7
against,7
persistent,7
events,7
protection,7
discovery,7
similar,6
contact,6
phone,6
operations,6
independent,6
initiative,6
home,6
patterns,6
media,6
resolving,6
helps,6
possible,6
brightest,6
minds,6
companies,6
japan,6
j,6
elasticsearch,6
basis,6
physical,6
mental,6
expression,6
laws,6
regulations,6
compensation,6
fresh,6
t,6
difference,6
benefit,6
legal,6
special,6
little,6
lot,6
involved,6
discussion,6
industrial,6
entire,6
contributor,6
keep,6
efficiency,6
then,6
modules,6
handling,6
configuration,6
driven,6
active,6
gateway,6
via,6
https,6
node,6
general,6
proficient,6
back,6
financial,6
several,6
gain,6
career,6
small,6
always,6
simulator,6
depth,6
methodology,6
task,6
watson,6
corporate,6
ongoing,6
feedback,6
architectural,6
commercial,6
moving,6
angularjs,6
concurrency,6
minimal,6
execute,6
fit,6
ruckus,6
phd,6
globe,6
integrated,6
i,6
l,6
detail,6
soap,6
fintech,6
aprd,6
clean,6
mindset,6
multimedia,6
vb,6
report,6
friendly,6
clients,6
interactive,6
mongodb,6
analog,6
troubleshoot,6
xml,6
attacks,6
trustworthy,6
id,5
post,5
its,5
first,5
person,5
speaking,5
advantage,5
cluster,5
wi,5
read,5
past,5
solved,5
transformed,5
thought,5
feel,5
immediate,5
offerings,5
ata,5
switching,5
wired,5
strategically,5
bigger,5
apache,5
cassandra,5
discriminate,5
religious,5
creed,5
registered,5
domestic,5
medical,5
condition,5
military,5
characteristic,5
jurisdiction,5
promotions,5
transfers,5
layoffs,5
terminations,5
recreational,5
merit,5
billions,5
explore,5
massive,5
beyond,5
grow,5
faster,5
whether,5
capture,5
lives,5
celebrate,5
community,5
affirmative,5
consider,5
consistent,5
does,5
jobs,5
native,5
talent,5
assessment,5
cycles,5
clearly,5
interviewing,5
offered,5
ap,5
shift,5
sound,5
video,5
reporting,5
without,5
collaborative,5
only,5
teamwork,5
chance,5
optimize,5
order,5
go,5
recommendations,5
share,5
insights,5
continuously,5
recruitexpress,5
touch,5
love,5
address,5
rails,5
mass,5
oop,5
happen,5
used,5
assembly,5
wide,5
libraries,5
structure,5
oem,5
station,5
coverage,5
objective,5
travel,5
volume,5
local,5
qradar,5
previous,5
story,5
recommend,5
models,5
bachelors,5
track,5
ruby,5
studio,5
algorithms,5
effective,5
procedures,5
changing,5
connected,5
amazon,5
deploy,5
communications,5
presentation,5
graduate,5
secure,5
dedicated,5
offices,5
goals,5
summary,5
ce,5
ci,5
involve,5
involves,5
flow,5
fundamentals,5
designed,5
accounting,5
streaming,5
memory,5
flows,5
specification,5
optimization,5
scenarios,5
being,5
resource,5
clarify,5
navigation,5
willingness,5
spice,5
rd,5
socket,5
ba,5
space,5
located,5
talents,5
diagnostics,5
integrating,5
degradation,5
escalation,5
jobseekers,5
pay,5
deposits,5
incur,5
debt,5
ipp,5
pbp,5
ktv,5
coffee,5
shop,5
atm,5
ux,5
roadmap,5
investigation,5
endpoints,5
managed,5
wallet,5
wfbs,5
svc,5
qualcomm,4
inc,4
main,4
personality,4
wifi,4
added,4
command,4
staff,4
preferable,4
mandarin,4
pressure,4
spirit,4
trace,4
access,4
highest,4
motivation,4
globally,4
roles,4
extend,4
retrieval,4
natural,4
list,4
goes,4
evolve,4
versatile,4
qualities,4
continue,4
push,4
chips,4
organize,4
universally,4
accessible,4
useful,4
researches,4
powerful,4
seamless,4
finding,4
advancing,4
form,4
factors,4
pre,4
don,4
thrive,4
workplace,4
citizenship,4
criminal,4
histories,4
accommodation,4
agencies,4
agency,4
alias,4
unsolicited,4
hiring,4
ec,4
define,4
enhancement,4
addition,4
prototyping,4
leverage,4
preparation,4
closure,4
conduct,4
accurately,4
log,4
trading,4
running,4
pas,4
break,4
down,4
exceptional,4
manner,4
accurate,4
simple,4
easy,4
excel,4
bsp,4
battery,4
growth,4
start,4
attention,4
towards,4
portfolio,4
logitech,4
groups,4
those,4
custom,4
compiler,4
cpu,4
llvm,4
range,4
prototype,4
lab,4
statistical,4
applying,4
skilled,4
sophisticated,4
advisor,4
automate,4
details,4
peers,4
respond,4
architect,4
cell,4
modern,4
layouts,4
browser,4
select,4
citigroup,4
sales,4
speed,4
coordinate,4
per,4
guidance,4
attributes,4
excited,4
pet,4
fixing,4
servers,4
stacks,4
record,4
each,4
along,4
enable,4
configuring,4
inspection,4
automatic,4
given,4
n,4
oracle,4
car,4
free,4
smooth,4
difficult,4
hong,4
kong,4
efficient,4
collecting,4
balance,4
allow,4
promotion,4
req,4
operational,4
diagrams,4
experts,4
iis,4
fully,4
jpeg,4
codec,4
hwcomposer,4
middleware,4
evolution,4
ide,4
skillset,4
audiences,4
swift,4
citi,4
less,4
look,4
am,4
deploying,4
proper,4
lte,4
habits,4
millions,4
domains,4
functionality,4
jira,4
exciting,4
dorothy,4
functions,4
circuit,4
turn,4
assurance,4
pm,4
official,4
customization,4
designer,4
desktop,4
alignment,4
conformance,4
releases,4
associated,4
junior,4
guide,4
assistance,4
processor,4
uefi,4
adequate,4
involving,4
tomcat,4
page,4
modify,4
between,4
merge,4
minimizing,4
downtime,4
file,4
private,4
response,4
magento,4
jenkins,4
abap,4
sap,4
ebs,4
transactional,4
comprehensive,4
vmware,4
week,4
very,3
window,3
efficiently,3
notes,3
introduction,3
aim,3
get,3
fi,3
dare,3
topics,3
technically,3
jgroup,3
hadoop,3
validate,3
bare,3
metal,3
bootloader,3
fpgas,3
emulation,3
shopping,3
marketplace,3
unique,3
launch,3
developed,3
thinking,3
desire,3
plusworking,3
principal,3
vendors,3
supplier,3
tpe,3
focusing,3
limited,3
department,3
schedules,3
multidisciplinary,3
close,3
disciplinary,3
measurement,3
defining,3
optical,3
colleagues,3
backgrounds,3
done,3
levels,3
installed,3
upgrades,3
strategy,3
synthesize,3
geographies,3
metrics,3
penetration,3
word,3
prior,3
reliable,3
move,3
play,3
positive,3
could,3
built,3
approach,3
examples,3
constantly,3
before,3
stay,3
behaviors,3
east,3
consideration,3
run,3
experiencestrong,3
capacity,3
cyber,3
ex,3
websites,3
analysts,3
positions,3
require,3
professionals,3
visit,3
priorities,3
svn,3
prioritize,3
receive,3
regard,3
sram,3
verilog,3
tcl,3
eda,3
classes,3
usability,3
hand,3
style,3
helping,3
bootstrap,3
solver,3
grasp,3
money,3
investment,3
indices,3
o,3
centos,3
timely,3
logic,3
setup,3
wan,3
monitor,3
relationships,3
tomofun,3
furbo,3
decision,3
discover,3
gather,3
campaign,3
carrier,3
chip,3
bottlenecks,3
bringing,3
chromeos,3
monitors,3
profiling,3
excellence,3
participating,3
during,3
champion,3
deadlines,3
mechatronics,3
intelligent,3
international,3
mechanical,3
electric,3
statistics,3
reading,3
controller,3
angular,3
electricity,3
vehicles,3
produces,3
ground,3
come,3
challenged,3
innovate,3
afraid,3
assignments,3
emma,3
lee,3
springasia,3
interested,3
cad,3
ic,3
usage,3
mode,3
flowcharts,3
charts,3
comments,3
profile,3
summarizing,3
availability,3
complement,3
gpu,3
enabling,3
gui,3
quantitative,3
expanding,3
academic,3
match,3
knowledgeable,3
engine,3
host,3
act,3
questions,3
expect,3
traffic,3
licensing,3
gbs,3
cic,3
generally,3
faulty,3
fpd,3
inquiries,3
enginneer,3
ft,3
ot,3
summer,3
inspiring,3
entertaining,3
personalized,3
regions,3
workloads,3
simulation,3
collaboratively,3
improvements,3
incident,3
countries,3
digital,3
oral,3
teammates,3
detailed,3
game,3
assign,3
oversee,3
defined,3
policies,3
brief,3
businesses,3
overall,3
significant,3
individuals,3
tablet,3
notebook,3
analyzers,3
proof,3
radio,3
triage,3
pw,3
combine,3
shape,3
meets,3
nfc,3
optimized,3
skillsexcellent,3
specificself,3
manageable,3
aa,3
eeo,3
veterans,3
disabled,3
diagnosis,3
measure,3
hvm,3
concurrently,3
messaging,3
jsp,3
ai,3
hibernate,3
abu,3
popular,3
negative,3
later,3
powershell,3
saas,3
defense,3
administrators,3
identifying,3
affected,3
agent,3
targeted,3
he,3
she,3
white,3
box,3
net,3
sustain,3
store,3
transform,3
insight,3
installing,3
ubuntu,3
productivity,3
jessica,3
deal,3
tmcm,3
tdts,3
dpi,3
appliances,3
vw,3
subject,3
attend,3
poc,3
hybrid,3
tippingpoint,3
aspect,3
purchase,3
ipmi,3
date,2
division,2
cdma,2
ad,2
rf,2
view,2
connectivity,2
foreign,2
assembler,2
loop,2
spoken,2
cost,2
practice,2
goal,2
something,2
technologists,2
upon,2
scaling,2
soft,2
explain,2
systemsexperience,2
stage,2
reviewing,2
designers,2
audio,2
tp,2
risk,2
million,2
tight,2
mature,2
fulfill,2
mps,2
costs,2
repairs,2
quick,2
structural,2
cooperation,2
specify,2
realistic,2
optimizing,2
combination,2
cultural,2
port,2
ocf,2
competitors,2
inform,2
size,2
months,2
suite,2
secondary,2
tr,2
tracy,2
honestbee,2
easier,2
taking,2
demand,2
commitment,2
accomplish,2
diversity,2
convenient,2
show,2
tdd,2
tested,2
become,2
pride,2
ownership,2
strongly,2
giving,2
empower,2
promise,2
contribution,2
yourself,2
humble,2
ccp,2
strategic,2
far,2
threading,2
chinese,2
windbg,2
learner,2
sweet,2
having,2
enough,2
reach,2
hire,2
microcontroller,2
risc,2
gcc,2
stations,2
capable,2
analyst,2
unstructured,2
papers,2
correlating,2
cognitive,2
hidden,2
preferably,2
continually,2
provided,2
tasking,2
influence,2
sprint,2
cypress,2
prioritization,2
milestones,2
state,2
logging,2
scm,2
mercurial,2
note,2
views,2
flex,2
eg,2
gwt,2
extjs,2
refine,2
ie,2
wdk,2
developments,2
nodejs,2
fundamental,2
structures,2
masters,2
photoshop,2
u,2
tier,2
insurance,2
banks,2
broad,2
add,2
yieldbook,2
mis,2
nginx,2
sure,2
represent,2
facing,2
challenging,2
explanation,2
modes,2
gdb,2
min,2
direct,2
characteristics,2
moderate,2
concurrent,2
accuracy,2
incorporate,2
locations,2
values,2
step,2
demanding,2
rapidly,2
entrepreneurial,2
curious,2
mind,2
here,2
pets,2
dog,2
selling,2
aspire,2
phases,2
ship,2
starter,2
remote,2
landscape,2
enthusiasm,2
press,2
techcrunch,2
positon,2
welcom,2
jgroups,2
invite,2
journey,2
university,2
vary,2
ind,2
established,2
largest,2
fed,2
satisfaction,2
payments,2
offers,2
thrives,2
effort,2
early,2
together,2
skillshigh,2
experienceexperience,2
robotic,2
cooperate,2
construction,2
policy,2
trip,2
disciplines,2
ones,2
listening,2
autocad,2
solidworks,2
plc,2
robot,2
cv,2
component,2
table,2
win,2
internship,2
priority,2
cobol,2
sa,2
posting,2
consumption,2
energy,2
california,2
four,2
already,2
producing,2
premium,2
prestigious,2
score,2
winning,2
road,2
ev,2
reduce,2
many,2
wcf,2
robust,2
implementations,2
descriptions,2
records,2
prepare,2
annual,2
outstanding,2
super,2
socs,2
produced,2
baseline,2
enhancementsdevelop,2
productionsupport,2
un,2
gate,2
processproper,2
mscs,2
msee,2
experienceproficient,2
developmenthardware,2
backgroundknows,2
vcs,2
verdi,2
feasibility,2
proposed,2
fluency,2
rather,2
cd,2
emmc,2
ufs,2
bash,2
gnu,2
surfaceflinger,2
cummunication,2
surfacefligner,2
skia,2
opengl,2
es,2
pipeline,2
newest,2
requirementmust,2
hold,2
softwareworking,2
pluspractical,2
plusways,2
adapt,2
etl,2
ssrs,2
tainan,2
present,2
progress,2
energetic,2
skillful,2
centered,2
mostly,2
judgement,2
evidence,2
choices,2
swing,2
swt,2
bonuses,2
dbs,2
screen,2
documenting,2
platformsparticipate,2
sciencestrong,2
objc,2
patternshas,2
index,2
achievement,2
resume,2
send,2
mathematical,2
stored,2
tomtom,2
joining,2
associate,2
think,2
aware,2
because,2
short,2
maintainable,2
fail,2
days,2
health,2
check,2
scheme,2
further,2
either,2
representative,2
phones,2
entry,2
categories,2
failure,2
amounts,2
wafer,2
laboratory,2
organized,2
clear,2
sga,2
dram,2
fidm,2
vue,2
dns,2
ams,2
physics,2
distribution,2
graphic,2
applied,2
perfect,2
collaborating,2
outcome,2
ecommerce,2
picture,2
manages,2
flash,2
years+,2
mango,2
advertisers,2
connecting,2
americas,2
europe,2
middle,2
africa,2
emea,2
mail,2
few,2
modifications,2
pursuing,2
inspire,2
greatness,2
ensures,2
supported,2
reaching,2
ambitious,2
rigor,2
workstation,2
thermal,2
manageability,2
manufacturability,2
configurability,2
differentiation,2
laptop,2
tps,2
revision,2
fw,2
motherboard,2
chipset,2
intel,2
forums,2
phase,2
docs,2
scoping,2
productizing,2
distill,2
material,2
educational,2
math,2
provider,2
featuring,2
translate,2
latency,2
accessing,2
budget,2
according,2
computers,2
workstations,2
gps,2
dos,2
requiredgood,2
teamexperience,2
androidexcellent,2
tasksenjoys,2
ibv,2
isvs,2
pci,2
acpi,2
suggest,2
validating,2
foundry,2
regression,2
ensuring,2
performed,2
ads,2
own,2
aligned,2
safe,2
xslt,2
salary,2
gsma,2
certification,2
mybatis,2
hk,2
requests,2
scalability,2
ahead,2
takes,2
supervisor,2
mentoring,2
directory,2
ldap,2
wmi,2
administration,2
participation,2
consensus,2
adherence,2
itil,2
toeic,2
firewall,2
virus,2
empowers,2
timeshift,2
important,2
plays,2
vital,2
suspicious,2
consists,2
history,2
indicators,2
signature,2
detection,2
agents,2
recording,2
arrival,2
vectors,2
commonly,2
executions,2
violations,2
registry,2
dependable,2
character,2
conclude,2
testware,2
artifacts,2
weekly,2
jmeter,2
appliance,2
permeate,2
centerstrong,2
requirementsstrong,2
experiencefamiliarity,2
microservice,2
demonstrable,2
comprehension,2
vulnerability,2
skillsspecifically,2
xenserver,2
containers,2
lxc,2
docker,2
seamlessly,2
majored,2
transformation,2
asset,2
acceptance,2
hearing,2
soon,2
parties,2
tokyo,2
seoul,2
passions,2
much,2
japanese,2
korean,2
smartphone,2
single,2
applicationdevelop,2
applicationtackle,2
problemswork,2
issuesbe,2
basiswork,2
tegradebug,2
issuesdevelop,2
engineeringexcellent,2
shellstrong,2
oo,2
skillsstrong,2
experiencesolid,2
osknowledge,2
softwareability,2
ambiguity,2
issueswilling,2
preferredknowledge,2
directed,2
trendmicro,2
routers,2
disposition,2
fab,2
college,2
target,2
atom,2
matter,2
owner,2
requirementdesign,2
backendwrite,2
responsivenessinvolve,2
improvementbe,2
coach,2
developmentproactive,2
ecosystem,2
forex,2
throughput,2
reactive,2
stream,2
reactor,2
rxjava,2
kafka,2
rabbitmq,2
zookeeper,2
expectations,2
final,2
conferences,2
seminars,2
tell,2
exploring,2
house,2
easily,2
seg,2
shoot,2
central,2
worry,2
mvvm,2
kvm,2
centralized,2
sdet,2
ips,2
sms,2
tightly,2
equally,2
paths,2
pages,2
landing,2
elastic,2
androidexperience,2
tmrm,2
embrace,2
aggressive,2
hyve,2
hyvesolutions,2
luwak,2
tic,2
fight,2
shenzhen,2
china,2
tput,1
closer,1
distance,1
however,1
discuss,1
beginning,1
technologybs,1
outgoing,1
enjoying,1
na,1
doctorate,1
conceptual,1
machinery,1
vxworks,1
closed,1
microelectronics,1
installation,1
technician,1
conscious,1
assertiveness,1
distinct,1
organizing,1
hardworking,1
packets,1
dropped,1
worlds,1
diploma,1
ha,1
patienceability,1
dependencies,1
survey,1
projectsexperience,1
specificationsfamiliar,1
hosted,1
hive,1
pig,1
skillsprevious,1
systemsexpertise,1
correctness,1
auction,1
uxwork,1
theminvolved,1
outsource,1
appprototyping,1
conceptinvolved,1
school,1
projectsgood,1
innovativeandroid,1
hardwareparticipate,1
fieldexcellent,1
softwareknowledge,1
skillsa,1
projectsparticipates,1
moldable,1
accessories,1
peripherals,1
peripheral,1
yrs,1
expending,1
oversea,1
interruption,1
introductiondelivering,1
prove,1
dimensional,1
profitability,1
asml,1
shall,1
multinational,1
sub,1
restrictions,1
imposed,1
considerations,1
refurbishment,1
resulting,1
fixes,1
specials,1
output,1
replace,1
qualify,1
educationbachelor,1
refurbishments,1
positioning,1
vx,1
solaris,1
adjustment,1
archives,1
perfectly,1
documented,1
sensors,1
actuators,1
motion,1
illumination,1
handlers,1
professionally,1
pragmatic,1
pro,1
mentality,1
arguments,1
procedural,1
context,1
positionbusiness,1
steppers,1
scanners,1
bl,1
supports,1
refurbished,1
spare,1
parts,1
certified,1
goo,1
gl,1
forms,1
sh,1
qorz,1
xmsm,1
rachelyuan,1
competitor,1
profiles,1
segmentation,1
feed,1
campaigns,1
pricing,1
strategymarket,1
measuring,1
preference,1
regulatory,1
solutionsown,1
occupation,1
crawlbot,1
jave,1
bulk,1
mediums,1
powerpoint,1
outlook,1
acumen,1
environmentsdetailed,1
hal,1
concierge,1
care,1
consuming,1
chores,1
three,1
stars,1
multicultural,1
minded,1
seriously,1
acquisition,1
retention,1
rates,1
logistic,1
optimising,1
deliveries,1
lots,1
ups,1
paid,1
contributed,1
bdd,1
sets,1
humour,1
society,1
walks,1
upgrade,1
never,1
hungry,1
decide,1
vc,1
mfc,1
hid,1
mark,1
actions,1
pretty,1
striving,1
synaptics,1
generations,1
microcontrollers,1
compilers,1
assemblers,1
debuggers,1
cisc,1
optimizations,1
clang,1
cygwin,1
debugger,1
cmos,1
lens,1
sharpness,1
noise,1
gamma,1
pdaf,1
laser,1
vcm,1
eis,1
ois,1
zoom,1
slam,1
tof,1
light,1
fisheye,1
validationwork,1
nest,1
debugreview,1
gr,1
limits,1
retest,1
rate,1
attackassist,1
stagework,1
recommendationswork,1
processcontribute,1
initial,1
manufacturingproven,1
languageability,1
solvingproven,1
manufacturingexperience,1
oems,1
testingstrong,1
fixture,1
skillsdetailed,1
methodologydeveloping,1
fixturesunderstand,1
raw,1
setsexperience,1
plusfrequent,1
incidents,1
exceed,1
even,1
enter,1
augments,1
tapping,1
blogs,1
offenses,1
combines,1
uncover,1
revolutionizing,1
refer,1
en,1
foundation,1
op,1
bottom,1
activity,1
remediation,1
outputs,1
requisition,1
wilress,1
pace,1
fault,1
tolerance,1
multiprocessing,1
queues,1
leaf,1
kits,1
jo,1
compelling,1
cairngorm,1
mate,1
sold,1
dojo,1
sheets,1
skinning,1
controls,1
dd,1
recorder,1
plug,1
chrome,1
firefox,1
safari,1
cam,1
ddk,1
qt,1
ffmpeg,1
directdraw,1
rtsp,1
vm,1
jit,1
theories,1
isa,1
cgm,1
integral,1
lodash,1
requirejs,1
accompanying,1
engagements,1
attractive,1
ends,1
additional,1
twitter,1
keynote,1
balsamiq,1
bi,1
premier,1
broker,1
dealers,1
institutional,1
advisors,1
hedge,1
funds,1
computation,1
subsidiary,1
calculator,1
slim,1
laravel,1
mariadb,1
httpd,1
mts,1
correction,1
asic,1
north,1
america,1
assignment,1
amd,1
occasionally,1
threaded,1
displayport,1
hdmi,1
stereo,1
consisting,1
lan,1
voice,1
deficiencies,1
establish,1
tracking,1
escalations,1
reliability,1
maintained,1
stress,1
improves,1
compliment,1
testers,1
utilization,1
integrity,1
ethics,1
disciplined,1
satisfy,1
generative,1
craving,1
keen,1
shaping,1
thoughtful,1
tackling,1
unprecedented,1
joy,1
lover,1
headquartered,1
kind,1
parents,1
canada,1
uk,1
curve,1
steep,1
exhilarating,1
cusp,1
boom,1
thinkers,1
incredible,1
carry,1
outside,1
sources,1
maximize,1
published,1
original,1
connection,1
curiosity,1
freely,1
mentions,1
indiegogo,1
verge,1
theverge,1
treat,1
dispenser,1
tvbs,1
youtube,1
watch,1
v,1
faceebcoxuw,1
youtu,1
bnext,1
article,1
remarkable,1
brands,1
providers,1
fact,1
fierceness,1
obsession,1
searching,1
investors,1
drives,1
packages,1
advancement,1
gathering,1
sustaining,1
identified,1
estimation,1
phasedesign,1
partition,1
designdefine,1
estimates,1
teamprovide,1
solutionssupport,1
onsupport,1
encounter,1
platformprinciple,1
managerexperience,1
environmentas,1
requirestrong,1
conceptstrong,1
detailsuperior,1
skillsself,1
taskable,1
supervisionability,1
juggle,1
modelfamiliarity,1
careers,1
opto,1
precision,1
carrying,1
comprehend,1
ecological,1
chain,1
observing,1
vertical,1
combined,1
steps,1
expand,1
perspective,1
iiot,1
mining,1
xizhu,1
linkuo,1
license,1
below,1
satisfied,1
epson,1
denso,1
mitsubishi,1
keyence,1
human,1
matrox,1
mil,1
sorts,1
ac,1
dv,1
motors,1
slide,1
hydraulic,1
spark,1
board,1
clp,1
unposting,1
mssql,1
accelerating,1
transition,1
sustainable,1
transportation,1
employs,1
continents,1
manufactures,1
fremont,1
constructing,1
gigafactory,1
lithium,1
ion,1
sparks,1
nevada,1
begun,1
evs,1
engineered,1
suv,1
respectively,1
received,1
motor,1
achieved,1
safety,1
nhtsa,1
recently,1
released,1
falcon,1
wing,1
doors,1
wheel,1
powertrain,1
supercharger,1
fastest,1
charging,1
powerwall,1
residential,1
pack,1
utility,1
powerpack,1
resilient,1
grid,1
conventional,1
philosophy,1
inter,1
everyone,1
genuine,1
trying,1
too,1
try,1
comfortable,1
wearing,1
hats,1
expertize,1
webservice,1
prototypes,1
possesses,1
entity,1
wpf,1
orm,1
soa,1
cpa,1
economic,1
remittance,1
servicebased,1
branch,1
beijingworking,1
transaction,1
units,1
targets,1
were,1
metplan,1
monthly,1
abnormalitiessummarize,1
prepares,1
sheet,1
statement,1
reportsreconcile,1
account,1
balances,1
bank,1
statements,1
ledger,1
preparing,1
month,1
jobensure,1
resources,1
activitiesto,1
auditor,1
finance,1
degrees,1
welcomedat,1
individuallycpa,1
licence,1
kindly,1
thank,1
reference,1
number,1
jn,1
million+,1
welcomed,1
annually,1
jr,1
backoffice,1
mall,1
optimizes,1
encourage,1
experiment,1
assimilate,1
buy,1
superior,1
ecr,1
familiars,1
erp,1
eid,1
compliance,1
scriptiong,1
initiation,1
beneficial,1
decoder,1
renderer,1
streamer,1
students,1
manipulation,1
interests,1
rewards,1
ethic,1
oca,1
gpa,1
region,1
actionscript,1
sophie,1
huang,1
chiayu,1
hsu,1
ii,1
tooling,1
debugs,1
maintains,1
modifies,1
installs,1
complexity,1
rating,1
minor,1
executes,1
interacts,1
exp,1
rdms,1
logical,1
objects,1
tables,1
keys,1
indexes,1
told,1
revolution,1
inspired,1
vacancy,1
click,1
getting,1
dna,1
cares,1
craftmanship,1
kanban,1
xp,1
scrumban,1
textbook,1
instead,1
rituals,1
importantly,1
recognise,1
commited,1
influential,1
dream,1
multiplier,1
catalyst,1
orientated,1
speak,1
ask,1
observation,1
facilitating,1
influencing,1
tries,1
stop,1
plenty,1
whiteboards,1
sticky,1
poker,1
cards,1
lego,1
entrepeneurial,1
opposite,1
morning,1
ok,1
outings,1
indefinite,1
contract,1
leave,1
collective,1
pension,1
discount,1
wearable,1
cameras,1
portable,1
fleet,1
map,1
five,1
haven,1
yet,1
dreamed,1
ourselves,1
authority,1
screening,1
ble,1
uu,1
rrm,1
son,1
protocal,1
scopes,1
common,1
advertising,1
answers,1
yes,1
beautiful,1
internationalization,1
localization,1
characterize,1
qualitative,1
fashion,1
emulators,1
benchmarks,1
perf,1
maintanence,1
enables,1
collection,1
categorization,1
die,1
categorize,1
failures,1
mapping,1
images,1
calculations,1
recognize,1
mangagment,1
workflow,1
chemistry,1
incoming,1
evolving,1
maturity,1
breadth,1
once,1
flexibility,1
departments,1
eliminate,1
distractions,1
internationally,1
bitbucket,1
confluence,1
terminology,1
linuxc++,1
angularjsone,1
windowsc#,1
architectureclient,1
certifications,1
txg,1
tinder,1
extraordinary,1
points,1
firebase,1
startup,1
fantastic,1
scrappy,1
hit,1
technologieswhat,1
functionways,1
sharing,1
teamssystem,1
heavy,1
load,1
bridging,1
vlan,1
dhcp,1
arp,1
nat,1
fundamentalspassionate,1
hard,1
problemsstrong,1
modular,1
kinds,1
request,1
parallel,1
numerical,1
creativity,1
satisfying,1
planners,1
analyses,1
understading,1
websocket,1
degress,1
workload,1
example,1
mmorpg,1
cheackerboard,1
chatting,1
initiatives,1
scope,1
sprints,1
q,1
aptitude,1
competing,1
teamsite,1
ektron,1
drupal,1
lnmp,1
caching,1
memcache,1
akamai,1
varnish,1
broadly,1
selecting,1
criteria,1
obtaining,1
oam,1
customize,1
amangement,1
reqs,1
henb,1
datausage,1
determineoperationalfeasibility,1
proposedsolutions,1
bothcommand,1
developingdocumentation,1
improvesystem,1
todevelop,1
udp,1
ssd,1
bt,1
contractor,1
presentations,1
eco,1
cms,1
homepage,1
name,1
encourages,1
trust,1
attracting,1
launching,1
engaged,1
revise,1
timelines,1
promote,1
solicit,1
actively,1
majors,1
sqlite,1
psd,1
responsive,1
w,1
ember,1
engr,1
whql,1
calibration,1
demonstrations,1
showcase,1
deveiop,1
productize,1
breaking,1
revolutionize,1
sufficient,1
geometry,1
trigonometr,1
caffe,1
torch,1
theano,1
tensorflow,1
cuda,1
opencl,1
execllent,1
vive,1
estore,1
viveport,1
engage,1
domainsfamiliar,1
cssgood,1
reactjs,1
angluarjs,1
bootstrapmulti,1
localizationpractical,1
proprietary,1
assemble,1
remaining,1
pcs,1
desktops,1
elabel,1
schematics,1
exposure,1
sdks,1
sftwr,1
prin,1
asm,1
dmtf,1
sig,1
hsinchu,1
category,1
coordination,1
reported,1
possibly,1
furps,1
emphasis,1
suggestions,1
approved,1
references,1
beginner,1
mixed,1
signal,1
circuits,1
interest,1
interviews,1
partly,1
attentive,1
stable,1
floors,1
accountable,1
sustainment,1
pertains,1
keeping,1
unplanned,1
scheduled,1
compliant,1
ethical,1
qualificationseducation,1
visual basic,1
markup,1
gpib,1
secs,1
gem,1
serial,1
dreamweaver,1
volte,1
wfc,1
vilteradio,1
clarificationcertification,1
supportcustomer,1
compliancel,1
ooad,1
refactoring,1
library,1
servlet,1
hosts,1
stock,1
sports,1
movie,1
contents,1
focuses,1
properties,1
stability,1
seen,1
touched,1
ride,1
workable,1
personalities,1
tablets,1
callswhat,1
applicationstechnologies,1
greater,1
centerconfiguration,1
sccm,1
orchestratoroperations,1
scom,1
fortinet,1
engaging,1
charge,1
multithreading,1
anti,1
intrusion,1
prevention,1
serves,1
testingdefine,1
milestoneanalyzing,1
vs,1
standarddevelop,1
verify,1
approaches,1
scenariodevelop,1
approachesreview,1
inspect,1
resultserves,1
changeswork,1
simultaneouslycreate,1
listinspect,1
approve,1
analysisdevelop,1
approval,1
metricsfollows,1
standardsprovide,1
input,1
reportwork,1
holder,1
testingplanning,1
coordinating,1
activitiesoverseeing,1
urgency,1
judgment,1
operated,1
comfortably,1
vbscript,1
awstools,1
cucumber,1
gherkin,1
selenium,1
appium,1
hp,1
alm,1
qtp,1
loadrunner,1
extensions,1
skillsat,1
zend,1
lamp,1
prevalent,1
extension,1
productively,1
rollout,1
pushing,1
updates,1
iterating,1
whole,1
varied,1
series,1
oses,1
perforce,1
dhtml,1
ssl,1
schemas,1
queries,1
collect,1
actionable,1
student,1
fielddata,1
anova,1
modelling,1
csv,1
postgresql,1
mangodb,1
skillsability,1
generate,1
measurable,1
effortsbeing,1
reliant,1
ead,1
creates,1
operates,1
depends,1
extracting,1
universe,1
format,1
sport,1
recognized,1
rewarded,1
news,1
propose,1
alternative,1
constraintsdesign,1
estimatesalign,1
roadmapsdeliver,1
stakeholdersalign,1
sdlc,1
testingsupport,1
testingfollow,1
practicescreate,1
hana,1
technologiesfamiliarity,1
sqlserver,1
commandsexcellent,1
motivationstrong,1
ethicability,1
taskswillingness,1
environmentgood,1
graph,1
utilize,1
toughest,1
dom,1
abstracting,1
elements,1
spa,1
accessibility,1
preprocessors,1
tapestry,1
websphere,1
potential,1
causes,1
commit,1
seek,1
topology,1
procedure,1
turnkey,1
pass,1
scanning,1
catch,1
malicious,1
recognizing,1
telco,1
floor,1
streamlining,1
meetings,1
flagging,1
administrate,1
vivian,1
packet,1
children,1
introduces,1
increasing,1
granularity,1
path,1
qos,1
buffer,1
adtech,1
ml,1
thing,1
incubation,1
uncertain,1
utilizing,1
iterative,1
creditable,1
escalated,1
completion,1
live,1
liaison,1
rapport,1
paces,1
dependently,1
infra,1
subjects,1
boot,1
aspectj,1
jpa,1
consult,1
constraints,1
procurement,1
contracts,1
sessions,1
audits,1
packs,1
sme,1
onboarding,1
learned,1
precedentially,1
jh,1
iphone,1
properly,1
extensible,1
objectivec,1
strive,1
blackberry,1
me,1
phonegap,1
xamarin,1
foss,1
github,1
recruitexrpess,1
protects,1
macos,1
researchers,1
purpose,1
amazing,1
informed,1
wear,1
invent,1
coengineer,1
wireframes,1
publish,1
competency,1
hours,1
drinks,1
snacks,1
periods,1
dozen,1
brings,1
channel,1
owning,1
puppet,1
chef,1
course,1
developmentprogramming,1
orchestrator,1
runbook,1
sample,1
lower,1
barriers,1
trivial,1
give,1
unfamiliar,1
utilities,1
wireshark,1
tcpdump,1
fluently,1
makefile,1
tutorial,1
initially,1
sometime,1
remotely,1
eventually,1
refactor,1
settings,1
antivirus,1
primarily,1
deployed,1
anywhere,1
conveniently,1
leveraging,1
hunting,1
clarification,1
healthy,1
mentioned,1
prefer,1
repetition,1
proxy,1
wined,1
sc,1
magazine,1
premise,1
successfully,1
among,1
assure,1
viability,1
adopt,1
esx,1
vcloud,1
terra,1
innovations,1
influnce,1
eol,1
eos,1
qualityself,1
contributorknowledge,1
automationmoderate,1
experiencea,1
experiencefamiliar,1
invitation,1
effectiveness,1
follows,1
indirectly,1
affect,1
classify,1
predictive,1
modeling,1
vector,1
nlp,1
install,1
interesting,1
segment,1
templates,1
collateral,1
template,1
adding,1
otto,1
variants,1
rally,1
sandbox,1
apt,1
ransomware,1
protect,1
researching,1
tackle,1
programing,1
django,1
flask,1
virtualbox,1
principle,1
knowing,1
submitting,1
frontendweb,1
friendfindernetwork,1
localisation,1
behavior,1
conversion,1
apec,1
mwc,1
restfull,1
cakephp,1
rds,1
cdn,1
eb,1
beanstalk,1
facebook,1
might,1
feedbacks,1
thorough,1
pressures,1
indispensable,1
skillsfull,1
tasksgood,1
defenseexperience,1
hacker,1
offense,1
communitiestechnical,1
mentorship,1
distributions,1
lost,1
forth,1
supporting,1
kindle,1
wild,1
instant,1
apple,1
smoke,1
portal,1
pursue,1
compatible,1
everyonehas,1
advancingtechnology,1
putting,1
ofa,1
yourcareer,1
ourassociates,1
strength,1
workenvironment,1
inclusive,1
andcharitable,1
chapter,1
mechanicaldesign,1
transforma,1
responsiblefor,1
baseboard,1
firmwarestudy,1
supportingipmi,1
commands,1
basesdebug,1
jointdebug,1
driversdrive,1
fieldreported,1
issuesownership,1
bmcthrough,1
sustenancedeveloping,1
workingrelationship,1
stake,1
holders,1
techmarketing,1
matrix,1
cn,1
hyv,1
apr,1
whatmakes,1
bestseller,1
acheloror,1
engineeringor,1
industryexperience,1
orassembly,1
experienceexperiencewith,1
toolsknowledgeof,1
smbios,1
dmi,1
bmcfamiliaritywith,1
ami,1
rac,1
sp,1
advantagefamiliaritywith,1
fan,1
schemes,1
sio,1
sexperiencewith,1
smbus,1
advantageexperiencewith,1
aspeed,1
ast,1
controllers,1
advantagegoodteam,1
andsolve,1
independentlydemonstratestrong,1
skillsexcellentwritten,1
mastery,1
enhancethe,1
perks,1
intends,1
providethe,1
employee,1
andminimum,1
headcount,1
benefitplans,1
salaryand,1
grouplife,1
illness,1
accidental,1
medicalreimbursement,1
hospital,1
surgical,1
cancer,1
indemnity,1
recognizes,1
holidays,1
tomake,1
inclusion,1
makes,1
considerationfor,1
veteranstatus,1
preceding,1
indicate,1
natureand,1
classification,1
notdesigned,1
contain,1
interpreted,1
inventory,1
allduties,1
tothis,1
serve,1
mssp,1
proactively,1
attack,1
victims,1
containment,1
mitigation,1
webserver,1
aworld,1
graphand,1
utilizeline,1
stoughest,1
datapreferred,1
neihu,1
dist,1
bad,1
guy,1
reputation,1
wrs,1
itself,1
result,1
testfamiliar,1
javaenglish,1
automationexperience,1
anything,1
welcomeweb,1
plusfamiliar,1
agaisnt,1
accesswork,1
platformsautomate,1
baseinterface,1
discerning,1
detailsability,1
dependenciesability,1
alternativesability,1
managementin,1
faceted,1
communicator,1
risks,1
communicating,1
inwards,1
upwards,1
centers,1
spanning,1
zones,1
consultant,1
midst,1
exploding,1
chartered,1
attaching,1
onto,1
manufactured,1
fy,1
wearables,1
drones,1
incredibly,1
creatively,1
still,1
roll,1
sleeves,1
pitch,1
versed,1
alicloud,1
suit,1
hub,1
alibaba,1
tenant,1
authentication,1
container,1
storing,1
interacting,1
roadblocks,1
pregnancy,1
political,1
affiliation,1
ordinances,1
