c,235
c++,193
linux,188
android,179
java,178
ios,125
html,121
javascript,118
php,115
c#,90
python,89
project,88
mysql,82
jquery,72
ruby,60
r,49
matlab,41
unix,40
word,38
excel,37
ajax,33
security,30
oracle,26
perl,25
http,24
fpga,24
base,22
shell,22
vmware,21
rf,20
illustrator,19
verilog,18
drivers,18
xml,18
flash,17
arm,15
powerpoint,15
spring,15
dsp,15
access,14
dns,14
labview,14
mcu,13
eda,12
firmware,11
autocad,11
wan,11
swift,10
iis,10
udp,10
ideas,10
bluetooth,9
solidworks,9
sap,9
apple,8
xhtml,8
uml,8
plc,8
vpn,8
firewall,7
san,7
rdbms,7
mes,7
socket,7
director,6
sas,6
cisco,6
oop,6
actionscript,6
lan,6
cim,6
dreamweaver,6
freebsd,6
etl,5
assembly,5
jsp,5
routers,5
dhcp,5
snmp,5
asp,5
dhtml,5
struts,5
outlook,5
progress,4
orcad,4
mfc,4
coreldraw,4
frontpage,4
photoimpact,4
ssh,3
stl,3
ethernet,3
servlets,3
cam,3
catia,3
winform,3
protel,3
postgresql,3
,3
rtsp,2
maya,2
vba,2
ldap,2
voip,2
flex,2
cvs,2
visual basic,2
directx,2
ftp,2
tomcat,2
websphere,2
bugzilla,2
loadrunner,2
dos,1
tcl,1
sybase,1
cgi,1
iptables,1
vxworks,1
vlan,1
visio,1
vbscript,1
junit,1
delphi,1
wlan,1
soap,1
ooad,1
asic,1
jdbc,1
odbc,1
premiere,1
vms,1
sdlc,1
abaqus,1
smt,1
weblogic,1
