java,619
javascript,613
php,590
android,485
linux,470
mysql,448
jquery,426
html,421
ios,409
c#,272
c,238
c++,236
python,236
ajax,230
ruby,155
project,130
oracle,115
objective-c,100
flash,96
xml,92
jsp,81
http,79
unix,77
spring,75
asp,66
perl,59
illustrator,56
shell,56
excel,56
oop,51
postgresql,50
socket,49
apple,42
r,42
security,41
struts,39
arm,38
uml,35
base,31
matlab,31
swift,30
access,30
word,28
ideas,27
flex,26
dreamweaver,24
udp,23
firmware,23
tomcat,22
dhtml,22
rdbms,21
dns,21
xhtml,20
mfc,20
firewall,19
iis,19
actionscript,19
san,18
vmware,17
dsp,16
bluetooth,15
etl,15
vpn,15
soap,15
ftp,14
voip,14
sap,14
vba,14
freebsd,13
jsf,13
assembly,13
progress,12
outlook,12
db2,12
directx,12
cvs,12
ssh,11
mcu,11
powerpoint,11
ooad,10
delphi,10
silverlight,10
stl,9
sdlc,8
ldap,8
wan,8
gis,8
mes,8
websphere,8
drivers,7
weblogic,7
junit,7
cisco,7
director,6
cgi,6
visio,6
vbscript,6
iptables,6
bugzilla,6
rtsp,6
activex,6
snmp,5
dos,5
winform,5
fireworks,5
plc,5
routers,5
loadrunner,5
photoimpact,5
coreldraw,5
tcl,4
ejb,4
mantis,4
cim,4
ado,4
arcgis,4
win32,4
cam,4
odbc,3
solaris,3
sas,3
jms,3
sniffer,3
dhcp,3
vms,3
eda,3
jdbc,3
informix,3
qtp,3
frontpage,3
sybase,2
fpga,2
vlan,2
edi,2
labview,2
biztalk,2
powerbuilder,2
maya,2
aix,2
rf,2
ims,2
wlan,2
lan,2
premiere,2
autocad,2
ethernet,1
vxworks,1
verilog,1
dbase,1
solidworks,1
vrml,1
xsl,1
asic,1
ddk,1
