linux,177
java,164
android,154
c,134
ios,114
c++,107
javascript,104
php,102
project,84
mysql,78
python,77
c#,74
html,70
jquery,64
ruby,58
matlab,38
word,37
excel,36
security,30
objective-c,26
r,26
ajax,25
oracle,25
unix,24
fpga,23
vmware,21
rf,20
shell,19
drivers,18
xml,18
illustrator,17
http,17
base,16
powerpoint,15
flash,15
verilog,14
access,14
spring,14
dsp,14
arm,13
perl,13
dns,13
labview,13
mcu,12
eda,12
autocad,11
wan,11
firmware,10
bluetooth,9
iis,9
udp,9
sap,9
ideas,9
swift,8
solidworks,8
vpn,8
apple,7
xhtml,7
firewall,7
san,7
rdbms,7
mes,7
socket,7
sas,6
uml,6
plc,6
oop,6
lan,6
cim,6
freebsd,6
director,5
jsp,5
routers,5
cisco,5
dhcp,5
snmp,5
dhtml,5
actionscript,5
struts,5
outlook,5
etl,4
assembly,4
asp,4
mfc,4
dreamweaver,4
photoimpact,4
frontpage,4
coreldraw,4
progress,3
ssh,3
orcad,3
ethernet,3
catia,3
db2,3
winform,3
tcl,2
stl,2
vba,2
ldap,2
postgresql,2
directx,2
ftp,2
tomcat,2
protel,2
websphere,2
loadrunner,2
dos,1
rtsp,1
sybase,1
servlets,1
cgi,1
iptables,1
vxworks,1
voip,1
vlan,1
visio,1
vbscript,1
junit,1
delphi,1
wlan,1
soap,1
cvs,1
cam,1
ooad,1
asic,1
win32,1
odbc,1
jdbc,1
premiere,1
sdlc,1
abaqus,1
smt,1
bugzilla,1
weblogic,1
